user,desc
shubhi_sareen,"Chapter Head, Delhi WiMLDS. Machine Learning Enthusiast | Artist."
AGupta137,IT engin from delhi technolog univers
AkshitaAggarw18,
AnubhaKushwaha1,opensourceenthusiast googleintern17 ghcischolar womentechmak googlecodeinmentor syster
BrihiJ,director scholar17 In love thing music tech undergrad
Chaitu896,
DerpGuy9001,teach comput human
FPT_PremiumTips,get profession premium bet tip footbal game directli phone free download app
I_am_Baani,googl summer code student googl venkat P memori scholar googl woman techmak udac scholar love tech womenintech
Jaspree19633978,there solut everi problem
Meow_ow_ow,
PoorviDhamani,alway live easi go
SHIVAMK23377348,indian dtuit
Snigdhaa15,graduat student goblu
SuhaibAhmedKha5,
TeamSuperDillii,teamsup baws unicorn lilli mayb wish peopl could read I write
WWCode_Delhi,delhi bridg gender gap tech world studi group tech talk career train hack night fundrais award
WiMLDS_Delhi,delhi chapter woman machin learn data scienc
Yuryu,develop advoc googl cloud platform softwar engin gamer queer feminist tweet
__Vaibhavi,
__chauhan,softwar engin student dtu
_jessjitsingh_,
apoorvasingh26,search miracl everi step way
archanaserver,girlwhocode
arunprakashml,data scientist appli deep learn resourc sector
aryansagar27,
ashutosh_sahu_,success simpl Do what right right way right time
chaostools,curiou programm ambiti mind android dev java python
dilraj342,
dtu_ieee,ieee delhi technolog univers student branch
geekanamika,srkiangeek android develop mentorgci17 encourag android develop weekli class tech enthusiast
harshitjindal29,
i_ranuchouhan,tech geeker tech guy android develop program enthusiast engin student love peopl love follow back
joarleymoraes,python backend develop build stuff hire microservic serverless clouddevelop aw
just_achetan,sophomor coder mathematician interest ML AI
kKarthikCS,machin learning/ai/statist enthusiast/practition
kuldeepdhaka9,cofound free/libre/opensourc hardwar softwar scienc electron citizensci equal anim right
lbsrex,nequ porro quisquam est qui dolorem ipsum quia dolor sit amet consectetur adipisci velit
ledell,chief machinelearn scientist open sourc AI automl phd biostatist founder leadership
nikhil__mishra,
notrandomatalll,ador creativ chang Im techenthusiast artist entrepreneurship enthusiast I work computervis graphic AR VR team wimld
prachi_bagla,nowher gobut everywher
pragyakalee,
rahmeen_habib,
reshusinghhh,will back soon
rohantaneja_,footbal lover android flutter develop manchest unit fan fifa addict
sanya_chugh,
shilpi_c75,googl womentechmak scholar android develop former intern comput engin dtu
shreyateeza,sophomor learn enthusiast
soyhanyhan,model travel go link last tweet
thefarzibatman,techi nillionair
thisIsRGupta,food code
urwithajit9,
varshika153,python rubi rail develop ML enthusiast volunt udac scholar stem girl
vipulallen,
whomahima,ngo social good book author lifestyl entertain
youngmonk_,human sane one strang permut life compon
